<?xml version="1.0" encoding="UTF-8"?>
<project xmlns="http://www.netbeans.org/ns/project/1">
    <type>com.microchip.mplab.nbide.embedded.makeproject</type>
    <configuration>
        <data xmlns="http://www.netbeans.org/ns/make-project/1">
            <name>TYFinal</name>
            <creation-uuid>fd17e5a7-f9b6-4f8e-a0b1-1d020538f498</creation-uuid>
            <make-project-type>0</make-project-type>
            <c-extensions>c</c-extensions>
            <cpp-extensions/>
            <header-extensions>h</header-extensions>
            <sourceEncoding>ISO-8859-1</sourceEncoding>
            <asminc-extensions/>
            <make-dep-projects/>
            <sourceRootList>
                <sourceRootElem>../FinalHW</sourceRootElem>
            </sourceRootList>
            <confList>
                <confElem>
                    <name>HT_PIC16F54</name>
                    <type>2</type>
                </confElem>
                <confElem>
                    <name>XC8_PIC16F54</name>
                    <type>2</type>
                </confElem>
                <confElem>
                    <name>HT_PIC16F785</name>
                    <type>2</type>
                </confElem>
                <confElem>
                    <name>XC8_PIC16F785</name>
                    <type>2</type>
                </confElem>
                <confElem>
                    <name>HT_PIC16F690</name>
                    <type>2</type>
                </confElem>
                <confElem>
                    <name>XC8_PIC16F690</name>
                    <type>2</type>
                </confElem>
                <confElem>
                    <name>HT_PIC16F1947</name>
                    <type>2</type>
                </confElem>
                <confElem>
                    <name>XC8_PIC16F1947</name>
                    <type>2</type>
                </confElem>
                <confElem>
                    <name>HT_PIC16F1827</name>
                    <type>2</type>
                </confElem>
                <confElem>
                    <name>XC8_PIC16F1827</name>
                    <type>2</type>
                </confElem>
            </confList>
            <formatting>
                <project-formatting-style>false</project-formatting-style>
            </formatting>
        </data>
    </configuration>
</project>
